REU ,oil_price,natural_gas_price,steel_price,wheat_price,copper_price,commodity_stress_index
1/4/2015,62.48357077,2.50519759,500.3132179,186.3312362,6674.454842,19.2
1/11/2015,59.30867849,2.93710654,618.7028285,203.8825987,6752.376841,35.05
1/18/2015,63.23844269,3.027862456,661.3834496,239.2970327,7884.728328,74.22
1/25/2015,67.61514928,3.547095759,539.5179491,252.3116565,7373.403874,68.59
2/1/2015,58.82923313,2.153767685,683.6286193,195.3130226,6594.67769,28.98
2/8/2015,58.82931522,3.76477516,620.9509505,208.1507148,6603.262613,42.49
2/15/2015,67.89606408,2.920996051,564.7494072,219.4718849,7144.559819,50.8
2/22/2015,63.83717365,2.786559465,597.2115461,225.6032232,7164.179439,53.16
3/1/2015,57.65262807,2.493947812,627.9163456,203.8079296,7164.665151,39.04
3/8/2015,62.71280022,2.172571664,603.8002696,228.4812209,6923.513262,41.85
3/15/2015,57.68291154,3.411585292,626.9377996,210.5232131,6962.363722,47.54
3/22/2015,57.67135123,3.036658984,553.9663203,219.7109546,7098.363857,40.16
3/29/2015,61.20981136,2.35501955,608.4680412,230.925685,7025.767902,44.95
4/5/2015,50.43359878,2.352460614,529.3142752,220.1284454,6334.209888,14.7
4/12/2015,51.37541084,2.83210765,594.4386969,211.2722822,6931.060111,30.58
4/19/2015,57.18856235,3.834510763,554.8046179,217.8078039,6744.57807,37.89
4/26/2015,54.9358444,2.870204324,563.2235029,218.2327408,7052.563426,33.64
5/3/2015,61.57123666,2.248428523,661.8046588,212.5997794,7895.577701,53.93
5/10/2015,55.45987962,2.877128468,654.565506,214.8240787,7110.2445,45.94
5/17/2015,52.93848149,2.863638215,630.456906,251.9729434,6905.941094,47.16
5/24/2015,67.32824384,1.651556679,545.3843618,231.218389,7276.540451,47.22
5/31/2015,58.8711185,2.972852567,584.1795775,214.0903936,7144.806366,42.81
6/7/2015,60.33764102,2.884532735,660.654885,233.9390881,7126.028347,59.33
6/14/2015,52.87625907,3.348103182,607.0858457,213.3236102,7182.055178,46.65
6/21/2015,57.27808638,3.924478047,715.966477,243.4624928,7616.963069,77.64
6/28/2015,60.55461295,3.563282515,619.665892,227.3928438,6660.733469,50.83
7/5/2015,54.24503211,2.865555655,609.6024558,217.8539571,7142.089623,42.08
7/12/2015,61.87849009,2.446737046,584.5441768,228.9543385,6722.085661,35.65
7/19/2015,56.99680655,4.286679902,606.6770452,188.582477,7166.653794,47.89
7/26/2015,58.54153125,3.029609217,592.3765082,197.4646506,6724.394047,30.29
8/2/2015,56.99146694,3.006964646,635.4054338,196.1214999,6874.789956,36.77
8/9/2015,69.26139092,2.987937456,647.8351158,222.8588619,6911.473026,57.96
8/16/2015,59.93251388,3.09904238,560.700527,254.6503,7292.745016,57.16
8/23/2015,54.71144536,2.927819794,533.4383523,264.6260029,7275.536333,47.38
8/30/2015,64.11272456,2.713168997,508.1897313,232.761022,6626.284787,35.78
9/6/2015,53.89578175,2.726570529,625.3995663,230.0168895,7016.480233,42.84
9/13/2015,61.04431798,2.983623365,544.8316697,183.9788453,6787.126044,26.61
9/20/2015,50.20164938,2.728287614,492.3554704,209.146524,6622.448527,14.86
9/27/2015,53.35906976,2.643577109,619.4289302,204.244325,6934.894885,29.81
10/4/2015,60.98430618,3.053215114,724.6499759,207.583048,6907.455163,50.64
10/11/2015,63.6923329,2.872511391,599.6964544,216.6371236,7728.014946,57
10/18/2015,60.85684141,3.751996494,641.9245387,210.5581884,7129.887948,58.88
10/25/2015,59.42175859,1.674515096,604.0914679,180.4140038,6586.71475,19.27
11/1/2015,58.49448152,3.545753426,595.0555173,234.9582051,6830.567799,50.8
11/8/2015,52.60739005,3.623042596,645.9538241,198.5451395,7306.414989,51.53
11/15/2015,56.40077896,1.963304884,585.4862728,224.7849373,7626.532832,41.53
11/22/2015,57.69680615,2.828656203,613.3696157,261.4816534,6524.205006,43.13
11/29/2015,65.28561113,2.814279567,616.0848903,201.6123082,6436.022684,36.71
12/6/2015,61.71809145,2.296244153,566.5954773,169.3942495,7561.289553,35.91
12/13/2015,51.18479922,2.611091656,649.6021175,214.2799156,7116.884253,39.71
12/20/2015,61.62041985,2.444712077,591.2520122,242.0191927,6739.51218,40.64
12/27/2015,58.0745886,3.876135222,562.212742,259.1669491,7160.388726,59.3
1/3/2016,56.61539,3.467839197,626.8254922,195.4090081,6209.275678,34.76
1/10/2016,63.05838144,3.635777547,555.0766009,229.9339845,7001.012652,54.19
1/17/2016,65.15499761,3.360836032,601.4090579,210.6937909,7098.346352,55.5
1/24/2016,64.6564006,2.435474114,599.5440502,217.8810329,7277.281042,49.9
1/31/2016,55.80391238,2.737739867,654.2947783,272.8868669,6695.831214,46.39
2/7/2016,58.45393812,3.244687281,623.7349116,189.9405934,7025.706148,43
2/14/2016,61.65631716,2.388936096,598.7486521,225.0747932,6722.372612,35.91
2/21/2016,64.87772564,3.356499215,640.888315,229.3538634,7076.615127,66.42
2/28/2016,57.60412881,2.879837301,669.5103775,241.7157265,6731.396103,49.62
3/6/2016,59.07170512,2.812589596,627.8905153,221.9596631,6877.569748,43.42
3/13/2016,54.46832513,3.355479984,600.517631,226.1610108,6701.255382,40.42
3/20/2016,54.01896688,3.222131656,534.4081884,212.1670287,7195.340873,37.86
3/27/2016,64.06262911,2.819516917,546.7443168,225.3825388,7257.535335,49.9
4/3/2016,66.78120014,3.579664902,584.7387648,213.1361545,6929.613829,52.49
4/10/2016,59.63994939,2.459468336,569.5243899,232.4314378,7011.471398,38.91
4/17/2016,65.01766449,3.307967803,590.6514349,212.6077933,6565.422576,43.39
4/24/2016,61.80818013,3.296550629,602.8324962,227.5420079,6910.097006,52.65
5/1/2016,56.77440123,2.84522678,626.4846377,219.4147437,6984.938615,42.81
5/8/2016,61.80697803,3.163066511,596.4750611,242.521005,7786.237927,67.51
5/15/2016,67.69018283,2.374443212,624.3250822,218.9721255,6666.409892,41.5
5/22/2016,59.8208698,3.46201351,603.2237207,184.5393506,7439.253172,50.96
5/29/2016,67.82321828,2.907548932,501.2266717,245.23843,7299.057632,57.92
6/5/2016,46.90127448,2.73863849,553.0332303,201.885354,7084.190921,24.57
6/12/2016,64.10951252,3.524504613,592.7956222,206.9246732,7527.586145,60.32
6/19/2016,60.43523534,2.647828155,539.5152629,208.0867741,7111.631642,32.68
6/26/2016,58.50496325,2.295769352,629.9964365,247.4887619,7116.747759,50.58
7/3/2016,60.45880388,2.221685413,676.5375416,177.2865157,6984.063804,36.68
7/10/2016,50.06215543,3.303004976,660.9380926,282.7549707,7367.070665,66.1
7/17/2016,58.90164056,2.359785324,589.3278565,241.1211362,7328.94077,49.07
7/24/2016,61.78556286,3.877397091,674.5363068,224.4647783,6812.296814,60.83
7/31/2016,67.38947022,1.959035296,607.4333729,218.90212,6604.225842,36.39
8/7/2016,57.40864891,3.848228184,583.1457014,225.7110815,6939.105809,48.5
8/14/2016,55.95753199,3.105508734,569.3298668,230.4224486,6759.988431,36.93
8/21/2016,57.49121478,2.951643444,584.8765157,232.9043117,6980.942628,43.48
8/28/2016,64.57701059,2.727540457,580.5911591,231.1120893,7371.23144,56.07
9/4/2016,61.64375555,3.199568057,608.5208111,221.7916136,6862.809503,49.3
9/11/2016,57.35119898,2.981182649,608.0286991,216.0532316,6987.152986,41.53
9/18/2016,62.56633717,3.551650941,600.152301,216.9745343,7017.40682,54.54
9/25/2016,60.48538775,3.057113824,621.8469085,216.1018344,7254.529265,54.44
10/2/2016,64.84322495,3.075150881,659.5323137,242.6754019,6325.9332,57.64
10/9/2016,56.48973453,2.818193894,647.4777068,231.8711344,6817.989912,44.6
10/16/2016,58.36168927,2.971527188,525.7551016,161.1922273,7063.385108,27.96
10/23/2016,58.03945923,3.153900884,472.3039433,233.1180155,7360.023687,49.27
10/30/2016,52.68242526,2.144915804,646.7159956,223.8947239,6852.429266,33.58
11/6/2016,61.48060139,2.325907289,531.6560651,219.6258249,6437.034188,23.9
11/13/2016,61.30527636,3.371632047,588.7617299,212.2296309,7185.913434,52.14
11/20/2016,60.02556728,3.085432719,541.4943487,242.4822544,6809.391283,42.65
11/27/2016,58.82706433,2.908008332,509.9009781,238.9505292,6643.100002,33.96
12/4/2016,52.92314629,3.009216967,627.0731364,204.5424466,6812.696383,33.13
12/11/2016,57.89677339,3.173790853,637.957758,228.1410457,6944.642393,52.4
12/18/2016,58.28642742,2.73012016,571.17448,200.5668653,6818.576601,25.3
12/25/2016,55.98861365,2.610847637,470.4478854,192.4076367,6338.330183,10.48
1/1/2017,59.19357144,3.097922628,572.6877776,207.4656555,7269.119859,44.09
1/8/2017,62.02025428,2.510813611,619.5902003,237.2478694,7382.462512,58.66
1/15/2017,69.43092951,3.204126378,526.0544216,239.0625009,7195.456597,60.64
1/22/2017,60.87288906,2.148708198,609.167996,230.2617084,6658.694299,35.46
1/29/2017,61.28775195,3.514577819,599.2345075,234.5019157,6939.55254,57.06
2/5/2017,59.62777042,3.236298741,628.964575,230.3235657,6998.043605,55.94
2/12/2017,50.40614392,3.128014867,605.9790184,207.1703681,7179.638317,41.09
2/19/2017,59.86743062,3.491345492,551.346553,228.6384509,7200.502147,53.16
2/26/2017,60.30115105,3.832737222,659.8285751,236.0081905,6779.74786,60.86
3/5/2017,72.31621056,3.507185033,592.0735213,235.0858266,7024.598667,65.02
3/12/2017,59.03819518,2.079562884,598.634773,243.7782674,7137.184121,46.04
3/19/2017,61.50773671,2.360211517,553.336602,234.1660769,7436.746697,47.76
3/26/2017,59.82644115,2.687590711,577.8358874,227.0289642,7211.351962,45.37
4/2/2017,54.15660981,3.013045525,555.7598643,241.4030048,7236.717006,47.09
4/9/2017,65.71411407,3.25882951,591.352697,219.4695748,7025.147988,54.6
4/16/2017,63.75966516,2.637128093,685.585424,202.362507,7423.137744,55.85
4/23/2017,63.95515974,3.093383382,531.4049429,216.7386607,7122.928839,46.68
4/30/2017,55.45306273,2.622308534,519.3219301,205.1019471,6741.673627,16.52
5/7/2017,67.01397155,2.694241099,673.5585164,206.4964345,7421.010991,59.3
5/14/2017,52.99074469,2.296669452,589.5338161,217.1096266,7209.370982,33.64
5/21/2017,62.93428547,2.538383377,566.5463631,204.1516016,6867.086794,30.35
5/28/2017,70.95227813,2.324157697,651.9952344,213.8407694,6856.15211,46.71
6/4/2017,55.04731837,2.512063374,569.719223,182.1277067,7088.972664,23.48
6/11/2017,57.16851135,3.526820898,691.3004857,224.2658741,7138.955439,62.36
6/18/2017,60.49825683,2.525300556,633.8962936,220.0241095,7059.18768,46.07
6/25/2017,57.48262173,4.316191032,575.6044296,203.6582274,7093.392602,44.6
7/2/2017,52.24668284,3.24665895,707.8654107,233.1849134,7509.987212,65.37
7/9/2017,60.34281487,3.092418062,569.7142538,238.7514028,7321.462946,56.71
7/16/2017,54.68848143,2.57082111,637.1047686,187.8488027,7057.190677,31.79
7/23/2017,62.36796215,3.35015494,614.964629,204.7455044,7282.393174,56.71
7/30/2017,55.40287883,2.712181087,665.0870645,204.617153,6690.242829,31.92
8/6/2017,67.74967203,3.061004907,678.0755598,201.201938,7119.378115,58.98
8/13/2017,56.08373354,4.280042269,601.6002075,236.5894968,7542.791905,65.53
8/20/2017,58.38969242,2.95197005,562.3291065,216.1234772,6934.586231,34.76
8/27/2017,64.06758609,3.574636663,622.9986071,214.7097032,6745.709821,52.81
9/3/2017,53.84567842,2.648411787,566.1142315,179.9227527,6804.373333,16.39
9/10/2017,61.13729967,2.982505755,700.6693624,232.7083606,6673.110089,53.61
9/17/2017,66.53571377,3.885400318,606.8267666,195.2148321,6764.571428,48.69
9/24/2017,51.96258383,2.686516471,581.7339224,221.1986526,6888.84757,29.39
10/1/2017,60.92316929,3.906224279,609.2340153,225.5475388,6578.329894,50.22
10/8/2017,61.29941397,3.353875968,532.6436855,247.2131719,7004.6855,52.84
10/15/2017,63.90911436,2.718766612,551.4192981,193.823592,7270.683152,39.46
10/22/2017,53.81524645,3.31620387,660.0206954,159.6097569,6727.673146,35.37
10/29/2017,53.39771693,3.486277225,567.1552861,223.6769909,7455.785177,50.26
11/5/2017,62.60970783,3.310904981,547.6544509,256.0102236,7153.237627,59.78
11/12/2017,61.48492337,2.21488764,626.8326376,244.7789271,7309.174176,57.19
11/19/2017,61.25246425,2.636431412,659.2852077,224.1931883,6802.649634,45.21
11/26/2017,61.73224105,2.876240682,635.9476655,210.1672763,7256.357568,53.13
12/3/2017,56.59987639,2.962783285,649.8023843,236.1424519,6672.41983,45.88
12/10/2017,61.16126849,3.310336049,562.1602456,200.529076,7267.07425,45.97
12/17/2017,61.46536237,3.0888505,528.9094667,229.5271554,7051.551802,45.59
12/24/2017,56.42824291,2.332327821,675.0666826,230.1094032,7165.975366,49.68
12/31/2017,69.32887256,3.190098926,583.8660081,241.2041981,6647.321618,53.16
1/7/2018,62.3691646,3.305292873,587.4583492,275.1932008,6731.479047,53.9
1/14/2018,54.04348251,3.279895224,666.4097071,227.8483193,7179.168465,58.15
1/21/2018,63.28276804,3.540390363,627.8115005,209.8207275,6715.495599,49.84
1/28/2018,55.12659165,3.416961077,622.7943886,219.4885138,7138.961888,51.92
2/4/2018,63.93542302,3.22959004,708.2501172,184.6184819,6589.858658,47.16
2/11/2018,65.7929779,2.964917144,567.8240885,206.1057374,7254.452264,48.15
2/18/2018,55.89658841,2.169519533,646.3920064,211.8143512,6630.243006,27.32
2/25/2018,64.81688065,3.21480911,602.8506562,209.518232,7165.689981,55.18
3/4/2018,62.06390463,3.103843844,613.4296139,223.0470974,7187.68928,57.76
3/11/2018,64.1103008,3.135789419,676.4234213,203.5516014,6790.968454,50.45
3/18/2018,69.48396491,2.361625712,625.3917878,242.4206133,7174.60797,61.25
3/25/2018,58.77305942,2.45947173,626.914804,220.0041413,7078.132679,42.97
4/1/2018,56.23131918,3.526576427,653.6253669,219.8139936,6838.347443,50.1
4/8/2018,55.55242785,2.980222423,581.7523635,213.4421057,6697.433595,28.69
4/15/2018,55.92094858,3.340750349,558.0395166,223.1038137,6411.212292,32.59
4/22/2018,59.61449145,3.014159188,547.7595403,236.5019653,7104.895014,47.32
4/29/2018,61.70575987,3.01487807,501.6821705,202.6573957,6530.559169,26.13
5/6/2018,61.383454,3.469141903,702.8103565,206.8376702,7028.60326,58.12
5/13/2018,64.13591625,2.741977636,544.8395817,213.9254794,6920.965535,36.93
5/20/2018,60.06500946,3.048060388,588.9373188,193.0825815,7203.742833,42.01
5/27/2018,67.26767039,2.768862356,586.159335,203.6148428,6909.38635,39.23
6/3/2018,58.67671583,2.782751886,615.3703349,210.4755825,6901.165664,37
6/10/2018,73.60084583,2.845413938,640.7868606,237.4877836,7219.561211,68.75
6/17/2018,63.12833674,3.111066886,643.0236744,225.2512266,7100.517409,60.8
6/24/2018,55.71421222,2.760625689,570.8461281,223.8717982,7094.846787,36.96
7/1/2018,54.64553751,3.627878063,591.6439143,237.0179592,7140.780277,55.34
7/8/2018,62.41236208,2.552696349,614.1289975,217.2525642,6539.328363,35.59
7/15/2018,58.88268607,2.906564178,587.5654437,227.809297,7227.036604,48.82
7/22/2018,63.57000247,2.780134471,680.3672788,217.9355649,7183.740638,59.23
7/29/2018,62.36618812,3.723488942,624.5487476,225.307247,6694.995061,54.57
8/5/2018,59.63585544,3.098277388,636.7438893,208.3448268,6926.775858,45.24
8/12/2018,55.76603141,3.51592227,633.1440634,171.2236568,6988.207814,42.36
8/19/2018,52.42576388,2.257219813,658.6736929,217.3144168,6959.650965,35.5
8/26/2018,57.76742524,3.133525133,609.0510779,248.4549627,7100.15799,56.84
9/2/2018,64.28199397,3.444815398,535.1584026,238.524308,7429.410035,64.19
9/9/2018,61.07046872,3.041141995,619.9843976,239.3079497,7324.530018,63.83
9/16/2018,53.77130611,3.532740188,567.4321553,244.7226144,6606.334242,41.25
9/23/2018,60.86590463,2.741355775,573.5691659,221.7731518,7186.620997,45.08
9/30/2018,61.9265869,3.70467372,629.3182009,223.9463141,7398.679996,68.72
10/7/2018,55.58071282,4.149449062,661.9141536,207.6469621,7116.042556,54.82
10/14/2018,60.76862553,2.81858072,601.0635788,213.6785429,7327.294128,48.66
10/21/2018,60.29104359,2.777248739,615.4416506,232.315423,7603.681134,58.85
10/28/2018,54.28514851,3.726692239,685.1107472,244.0776887,7307.112864,70.06
11/4/2018,61.7889368,3.789786073,612.037659,217.2110745,7074.792579,57.99
11/11/2018,62.80392263,2.738569986,730.0841557,210.9962147,7313.526542,59.39
11/18/2018,65.41525622,2.789906591,628.2754823,220.0105592,7043.46635,53.87
11/25/2018,65.26901026,2.859107696,511.961862,232.024135,7007.170913,46.26
12/2/2018,53.11165316,2.327774744,637.6670811,191.1229037,6894.575729,25.78
12/9/2018,55.3108748,2.540674027,619.0579192,174.0763809,7469.024008,36.71
12/16/2018,62.57517634,2.497929617,664.4876377,208.989263,6754.4714,40.29
12/23/2018,62.56892975,2.616101217,633.6590676,195.5857515,7459.710317,49.33
12/30/2018,62.57523843,2.982657556,593.0772008,209.837196,7149.959237,47.96
1/6/2019,79.26365745,3.117107366,538.7850882,217.0443936,6580.208148,40.93
1/13/2019,62.85445255,3.775250246,589.5488371,210.9350318,7110.294788,54.5
1/20/2019,65.6778282,2.50082298,557.4739773,249.0493507,6369.992048,39.39
1/27/2019,64.77000882,3.492161199,570.9738275,226.5348953,7187.652405,60.45
2/3/2019,63.25695626,2.893005578,629.4289202,226.0094872,7265.569445,60.54
2/10/2019,58.42365378,2.975268145,683.4952252,232.4441429,6822.293213,51.79
2/17/2019,63.7948461,3.337409746,619.7335765,197.2233376,7037.064309,51.34
2/24/2019,56.13587393,2.438638989,540.2058469,240.7822357,7586.24723,44.09
3/3/2019,58.81590697,3.191204873,622.2301334,218.4847143,6848.275989,45.72
3/10/2019,57.57318226,3.083226104,659.8315743,233.4096123,6682.327724,48.82
3/17/2019,60.4093707,3.246225632,569.5108548,198.5628553,7444.499021,47.22
3/24/2019,71.57329283,3.144584322,593.2991417,188.9248247,7588.776157,56.71
3/31/2019,50.66367404,4.22765007,600.7344097,236.3577932,7001.108702,52.97
4/7/2019,63.43130095,2.681130008,560.7550843,227.5281905,7303.438911,49.71
4/14/2019,51.93642064,2.734501522,632.4140217,201.9589689,7402.442775,41.37
4/21/2019,57.64034067,2.688429737,593.9525926,202.6067384,6777.25473,26.68
4/28/2019,65.44475298,2.72226144,620.9766222,242.5086957,6854.408249,54.7
5/5/2019,60.3214001,2.681306436,555.6253911,196.2117621,7369.262354,36.39
5/12/2019,54.61127611,3.594508266,578.127085,252.8534591,7505.504284,60.93
5/19/2019,56.42348145,3.710252124,636.1190679,201.9875853,7168.864258,52.04
5/26/2019,63.39798874,2.714626853,581.3583424,232.7678385,6736.055694,41.6
6/2/2019,56.34816684,2.583822213,686.3481926,213.4276305,7596.118334,51.6
6/9/2019,61.08229295,3.235707778,580.0181907,232.0637486,6840.708731,47.67
6/16/2019,60.2278592,2.723888478,611.2342363,209.11772,6899.458666,36.87
6/23/2019,56.74199826,3.316465909,646.6295416,216.7441419,7102.70135,53.23
6/30/2019,70.71972045,3.10146151,529.0817134,220.8183835,7466.248126,57.32
7/7/2019,63.16959511,2.242127943,511.9595594,199.9562509,7256.192793,32.97
7/14/2019,49.87428707,3.773752601,523.7171843,234.8164869,7124.45965,46.77
7/21/2019,60.93227157,3.897938837,663.1292052,209.7357287,7138.986559,61.76
7/28/2019,56.69106768,2.693605655,572.4070927,215.4280017,7013.054401,32.52
8/4/2019,64.26216667,2.80614922,727.9099643,200.1130125,7167.441854,56.17
8/11/2019,56.03739631,3.142932695,571.7876201,168.7533268,6241.131977,21.6
8/18/2019,59.42631779,3.167228395,609.2275652,216.1794447,6911.017762,45.02
8/25/2019,62.52493639,3.329272136,677.1054976,268.2523084,7072.39658,72.2
9/1/2019,64.32877597,4.005102269,700.3046444,235.6920858,6654.695775,67.03
9/8/2019,53.99851796,2.911526386,703.0751788,219.6147924,7115.896995,50.32
9/15/2019,58.32749382,2.600851378,660.4183115,214.7421834,6938.658634,41.47
9/22/2019,57.62527344,2.310340386,651.2031263,220.4493179,7526.642709,50.64
9/29/2019,56.73335384,2.63453498,629.6263475,230.9423823,7471.905918,53.19
10/6/2019,68.8272712,2.983436514,638.9180538,196.3837437,6860.258329,47.89
10/13/2019,62.02490855,3.897278932,572.4407142,242.2864339,6954.748687,59.11
10/20/2019,53.69558023,2.74119435,559.0900558,234.3076263,6977.81573,35.24
10/27/2019,64.58930974,3.111893976,599.8312771,234.3637145,6864.502157,55.02
11/3/2019,70.61078099,2.991788552,591.4907689,228.7695148,7058.507495,56.65
11/10/2019,65.1623263,3.594196637,577.3385975,220.3923332,6772.515379,50.32
11/17/2019,52.40315017,4.263466213,634.8193724,233.4572247,6660.8154,49.78
11/24/2019,57.57882964,2.734565614,647.7652604,231.8362827,7186.813367,53.96
12/1/2019,66.33455575,2.755280279,604.4203443,212.9191858,7188.858875,51.88
12/8/2019,56.46165267,3.522080439,673.8765041,208.5279645,6758.705272,46.07
12/15/2019,62.21909714,3.340945745,542.9155443,222.0371259,7268.606629,53.64
12/22/2019,63.87317027,3.923353663,590.317027,250.980403,6810.526681,60.93
12/29/2019,55.36534764,3.291964093,564.158884,195.2178585,7075.949571,34.28
1/5/2020,41.79166125,2.397300861,506.6731691,190.6494947,7246.103204,19.84
1/12/2020,30.65556431,2.801028303,595.8659657,223.2952168,6989.916231,33.9
1/19/2020,38.41464326,3.021199022,593.9126246,221.017754,7136.422274,40.13
1/26/2020,41.11601147,2.898704927,675.6724872,223.4668333,6845.071107,40.83
2/2/2020,37.63275886,2.765591463,631.5405842,224.879064,6941.060025,37.86
2/9/2020,47.71343956,3.003336743,548.7906588,215.5359549,6938.242171,28.95
2/16/2020,36.99450518,3.046950626,692.7046283,249.7972688,6776.026496,49.11
2/23/2020,40.4598443,3.137417571,661.0516848,187.9819204,6946.967751,36.84
3/1/2020,42.45759202,2.825701702,629.1048852,203.4300595,6535.41451,24.98
3/8/2020,47.04445651,2.478974816,588.6757951,217.9349048,6852.653876,25.21
3/15/2020,36.97448247,2.612353317,552.0280382,187.1362238,6914.537352,14.66
3/22/2020,46.07107313,3.062766311,581.3896612,216.4829119,6923.146074,32.94
3/29/2020,42.03581571,2.20280234,654.437431,253.2294033,6927.550766,41.73
4/5/2020,38.56471972,2.706686156,694.2293153,220.4177298,6981.47074,41.41
4/12/2020,43.61736216,2.382831005,677.1621764,224.6140181,7143.832455,43.71
4/19/2020,42.69670893,2.56221655,575.5575289,194.7967047,7262.355122,26.77
4/26/2020,39.89924093,3.093342042,544.0191283,207.6727718,6805.070432,22.46
5/3/2020,42.2443073,2.631217104,607.0443123,212.4960724,6639.039743,22.46
5/10/2020,40.65140241,2.569735533,511.5780317,213.6456981,6687.386676,14.22
5/17/2020,42.39731071,1.97206114,616.1583857,245.6328759,6853.839124,34.66
5/24/2020,44.31745736,2.867157766,592.6198707,231.1538212,6894.423605,35.72
5/31/2020,47.55105886,2.824330777,576.6981749,197.7708409,6769.00118,20.06
6/7/2020,37.66764575,3.469383257,520.2648466,224.9300956,6611.165001,28.59
6/14/2020,49.46561681,2.41919425,625.6800053,229.964435,6863.163752,34.66
6/21/2020,35.1676927,2.643138889,573.364958,242.8029808,7054.427986,36.13
6/28/2020,41.46875217,2.655988066,541.5041582,251.6108137,7178.50884,38.56
7/5/2020,44.05911022,3.220417644,456.3868893,199.6981162,6832.773084,21.69
7/12/2020,42.98347154,2.509499399,598.6242547,203.7828498,6876.100653,22.3
7/19/2020,39.82055168,2.668584148,688.6125798,194.8484428,6721.990507,27.22
7/26/2020,41.27157212,2.808356017,683.0629607,215.3196028,6990.568249,40.73
8/2/2020,40.27449673,2.629308877,577.1451872,229.3271675,6745.47141,25.62
8/9/2020,39.93722335,2.360265714,569.889397,239.7466903,7171.938344,36.49
8/16/2020,44.97360734,2.632488247,623.4387128,218.4809795,6464.240052,26.55
8/23/2020,43.2495542,3.006293494,550.080728,213.6030495,6892.111098,26.45
8/30/2020,39.57481642,2.113730998,615.089595,223.0351598,7090.332202,32.78
9/6/2020,45.14859956,2.606512112,638.3040139,203.297142,7055.150355,32.4
9/13/2020,43.07554832,2.252448654,661.3466612,261.7907744,7807.910099,55.5
9/20/2020,44.84501742,3.057894817,594.9922962,187.8467795,7104.940007,32.04
9/27/2020,44.20370095,1.902645565,589.8163125,223.6948116,6698.783621,21.53
10/4/2020,39.09851746,2.312458215,556.1008707,260.4721244,6971.360726,31.5
10/11/2020,40.03936636,2.710315047,558.6559823,220.1359969,6467.1261,19.23
10/18/2020,44.61552762,3.215347712,588.6760554,216.1992193,6975.820075,36.93
10/25/2020,44.13629593,2.522056139,618.3682753,212.8510915,6750.083183,25.69
11/1/2020,41.92684442,2.314040201,645.6792313,216.3921664,7274.617083,39.81
11/8/2020,42.41064584,3.349491755,559.8410525,247.4569695,6835.137918,40.54
11/15/2020,46.47182714,1.934594092,674.6344284,175.7627618,6964.970225,27.06
11/22/2020,39.92950014,1.615507468,586.4438199,250.668674,6809.332648,28.69
11/29/2020,43.91484083,2.737006141,598.9316353,191.520857,7521.655406,34.98
12/6/2020,41.29232572,2.336626955,562.639416,214.6669534,6903.62717,20.1
12/13/2020,41.23811579,2.115976053,478.787987,211.4151116,7549.767113,25.85
12/20/2020,45.84571898,2.85105149,644.2022698,231.7710654,7244.245529,50.83
12/27/2020,44.88895722,2.653615303,636.8421949,188.037513,7144.620018,33.19
1/3/2021,64.06754818,2.717960685,585.9336221,229.2434533,7110.619944,50.16
1/10/2021,66.52739404,2.359847801,603.3495359,260.4861925,7118.139189,57.22
1/17/2021,60.10501921,3.436228664,625.7969609,192.7365199,6421.698226,38.08
1/24/2021,63.40976486,3.325100589,521.8727072,223.7941234,6916.334982,46.07
1/31/2021,58.44866622,2.950412068,573.5473661,206.7603564,7253.547391,40.22
2/7/2021,61.62083176,3.923318498,639.713234,228.5177441,6985.330845,63.61
2/14/2021,59.34928473,2.464957617,537.2855288,220.3829555,6578.443046,23.51
2/21/2021,60.48497982,2.237237415,614.6778966,207.1702618,6984.278665,34.89
2/28/2021,62.97578513,2.654045965,532.1709098,229.7574457,7511.231655,49.58
3/7/2021,55.90889658,2.977206992,623.3214991,256.0869622,7374.067515,60.26
3/14/2021,70.46193638,3.121669725,598.2179259,216.1819242,6981.398797,53.51
3/21/2021,54.96991309,2.879381971,519.2434092,234.3951588,7285.434783,42.52
3/28/2021,53.92905694,3.176027698,658.2369677,194.1345408,6890.047894,38.63
4/4/2021,65.79055437,2.374230288,563.2704212,200.8712725,6488.838524,25.46
4/11/2021,63.95831347,3.721882302,559.4873781,229.4481256,6722.660204,49.65
4/18/2021,63.12059909,2.958924411,610.0284599,249.6823206,7468.866631,66.87
4/25/2021,63.14172755,3.558647916,657.4318675,227.112267,6917.802075,63.1
5/2/2021,59.93876614,3.171362673,549.2089091,213.7388394,6926.984806,37.89
5/9/2021,55.51372814,3.22837661,603.0839925,219.9858281,6910.048541,42.14
5/16/2021,60.37902279,3.28488364,621.440825,194.9918453,7571.240977,54.95
5/23/2021,56.61419144,3.22385428,634.6552804,232.0903065,7487.787675,62.52
5/30/2021,64.87559867,3.32136138,608.8220778,237.6466612,7665.63407,73.26
6/6/2021,59.26471309,3.664576265,581.648608,210.9581933,6952.286437,44.47
6/13/2021,55.87251402,3.098260585,558.620489,210.599157,7088.687347,35.65
6/20/2021,58.39307079,3.354501879,604.3071942,225.3175646,6545.007235,42.84
6/27/2021,62.06465727,2.955132153,546.3930494,211.2656053,7443.080328,46.39
7/4/2021,57.18137724,3.720058608,453.9324758,218.6773477,6649.666135,33.29
7/11/2021,55.88889802,2.661803849,621.8279902,261.9944358,7065.032669,49.65
7/18/2021,61.21843606,3.900470216,645.1967421,215.059486,6670.809242,52.01
7/25/2021,61.22483286,2.979921025,481.8533782,212.833197,6823.339952,31.44
8/1/2021,57.46528412,2.284612449,549.5134648,207.0491639,6748.821271,18.08
8/8/2021,57.64480847,3.064052207,630.9577131,234.8838394,6817.637422,49.27
8/15/2021,61.16024969,2.659474171,702.8747735,216.3755165,6838.263189,46.17
8/22/2021,52.75957829,3.420321774,601.0396854,207.0125392,6835.519362,35.56
8/29/2021,52.96268113,2.67368801,563.5998529,246.4260806,7250.000174,43.29
9/5/2021,56.40777889,2.776908283,590.8551779,248.3920601,6668.541162,38.05
9/12/2021,58.93276424,2.055229635,668.743821,207.9915287,7066.162428,40.06
9/19/2021,61.55453783,2.77384684,567.701791,182.669201,7365.387746,38.95
9/26/2021,67.37678108,1.788060337,560.0403997,240.1502738,6846.041091,41.25
10/3/2021,64.28829812,2.208048588,575.8628239,206.3074035,6784.624333,29.23
10/10/2021,59.20030735,3.380207328,552.3335696,235.812512,6930.842612,47.73
10/17/2021,59.90491896,3.392900079,606.1335158,180.5979236,7353.917563,49.71
10/24/2021,54.98735318,3.212728781,681.2339229,237.8519468,7058.232289,59.07
10/31/2021,59.90743432,2.516511928,616.1539637,195.7765614,6840.635712,30.64
11/7/2021,58.55670681,2.976144322,587.3823249,234.6152824,7145.162995,50.54
11/14/2021,61.6135928,2.99819873,585.4094366,220.2854614,6669.312355,38.72
11/21/2021,55.86384528,2.420817655,521.8404596,200.9212116,7204.407853,25.4
11/28/2021,62.59673257,3.751699151,644.1554889,211.8592737,7122.582192,61.76
12/5/2021,67.66369457,3.438681145,596.1081401,233.7263691,6907.657459,60.29
12/12/2021,59.45619926,2.889517913,590.9760043,222.1178891,6748.42426,36.96
12/19/2021,62.00855861,3.013442919,759.6553784,231.6882596,6733.995723,57.38
12/26/2021,63.45071996,3.104191404,614.9376454,259.5288117,7160.445201,66.65
1/2/2022,84.09115158,4.354091645,703.0130594,301.9442684,7368.694151,90.48
1/9/2022,88.62467049,6.328104879,723.3526502,403.7508024,6808.807676,81.28
1/16/2022,87.09129491,5.849817327,821.7778568,355.33939,7137.516011,89.52
1/23/2022,87.70815171,5.498217989,757.0794007,323.2389105,6373.891894,76.01
1/30/2022,81.39567907,6.290789678,660.1076264,309.429964,6824.614681,76.55
2/6/2022,87.17769876,8.57745518,807.4518084,345.9481475,6990.68232,87.03
2/13/2022,90.61048761,7.304927147,708.2409947,381.4928036,6727.094975,79.9
2/20/2022,97.52079116,5.971703111,867.081111,347.9184281,6719.048088,80.61
2/27/2022,93.95471349,7.229841059,817.5030041,400.3569578,6799.666133,83.07
3/6/2022,102.6105728,8.13929098,722.0423815,305.5623779,7087.657818,87.83
3/13/2022,81.43673017,7.617097051,830.0635226,351.6131537,6943.801294,85.43
3/20/2022,93.32432462,6.665593407,754.2409694,311.9234098,6328.53063,76.52
3/27/2022,88.32922954,5.888369545,803.2983547,363.6362202,6363.789954,77.28
4/3/2022,102.8760713,7.368045645,780.2958011,380.3803965,6817.940447,83.55
4/10/2022,81.13983743,7.032833924,697.1027091,338.5356226,7137.305976,87.25
4/17/2022,80.91201664,7.584712542,709.7781355,268.6651566,6175.748547,74.57
4/24/2022,82.65440332,7.298688982,814.3725511,358.3663407,6850.080947,82.91
5/1/2022,71.601756,7.754507987,729.0765417,365.9756337,6842.125643,81.02
5/8/2022,83.18827609,6.011241267,724.771971,364.9374322,7416.501333,92.91
5/15/2022,81.4962882,8.049133472,690.3048388,391.5450301,6884.493456,82.11
5/22/2022,88.09035495,6.817359565,776.4749416,317.7262823,7114.896695,88.47
5/29/2022,89.47773082,8.88278696,878.9078075,373.7669154,7042.377142,89.07
6/5/2022,100.6022386,5.8418934,683.2791929,390.1602404,6360.830056,75.53
6/12/2022,93.89057283,8.509560183,751.513716,295.0851973,7230.462165,91.76
6/19/2022,82.8174485,6.817701862,838.2637847,362.2288584,7064.618952,87.96
6/26/2022,80.48649363,5.883440196,745.022413,335.8662454,7152.480592,88.21
7/3/2022,90.56641399,6.067725583,778.2732373,349.3912745,8177.871312,96.74
7/10/2022,77.42830925,6.247617961,683.6004045,363.1256475,6374.766118,73.96
7/17/2022,100.2780761,7.066582541,776.7691936,336.4086859,7517.408995,95.78
7/24/2022,95.55094088,7.175119037,738.3034834,330.3773415,6913.765744,83.9
7/31/2022,83.59847652,5.968929996,811.6081247,353.0928774,7086.198671,87.6
8/7/2022,74.57977466,6.573209949,824.2116282,317.20813,6986.346326,84.6
8/14/2022,96.81557471,8.956497394,911.8477276,317.2535959,6872.7291,84.66
8/21/2022,86.16958612,8.500297487,786.2270733,373.7399451,6829.050122,83.13
8/28/2022,95.97416826,7.079956037,770.3622698,315.2385909,7098.852621,88.5
9/4/2022,75.44039947,6.641803826,762.1490188,373.322,6544.847891,77.16
9/11/2022,82.65453108,6.732034459,727.9271067,366.8029214,7225.17375,90.77
9/18/2022,87.03801682,7.27486977,771.1552402,296.7741847,6875.141679,82.49
9/25/2022,87.3406093,5.474928178,731.5374119,330.3179311,6660.979198,77.44
10/2/2022,83.73702533,6.316885809,760.528811,390.2115009,6864.996143,83
10/9/2022,91.51566201,4.764557519,832.349846,320.602703,7377.144765,93.55
10/16/2022,79.25975189,7.039145435,687.0910897,337.1390636,6839.399474,79.27
10/23/2022,85.96774873,7.311915534,821.2424101,366.7859486,7107.536085,89.58
10/30/2022,87.87214333,6.068494891,832.3196917,377.0684963,6780.713117,81.76
11/6/2022,90.72968155,8.33138544,742.6207171,343.9507556,7227.376555,91.98
11/13/2022,92.15920787,5.251657771,617.3840688,332.8796738,7205.652322,82.3
11/20/2022,78.84634483,4.989187632,712.0111258,397.5158356,7554.58265,93.55
11/27/2022,75.87767226,6.846897,831.0621592,407.6447892,6947.330816,85.53
12/4/2022,96.26315696,7.751808133,748.5707461,383.3234576,7200.596441,92.43
12/11/2022,89.40927659,8.452320461,687.5436105,354.7301806,7029.420262,85.62
12/18/2022,81.57347261,6.095227311,718.4515674,326.1354969,7388.761535,91.82
12/25/2022,98.24585182,7.786548917,802.5387517,325.425779,6784.350284,82.08
1/1/2023,60.57837317,2.980745765,627.3366784,230.4502821,7223.501594,58.91
1/8/2023,65.89648592,2.91368635,588.053395,228.3679644,6941.590811,50.48
1/15/2023,60.33759241,3.441829969,581.6587794,248.0319719,6980.743547,55.91
1/22/2023,70.30373962,3.326161439,580.4120925,233.0090019,7027.525745,60.45
1/29/2023,68.77670421,2.211803922,553.8794908,189.938394,7075.672119,32.75
2/5/2023,58.75517926,3.738270175,680.7687845,241.0389524,6965.131287,65.85
2/12/2023,64.85785475,3.690045677,583.8839765,200.0387875,7064.413955,50.93
2/19/2023,63.22687975,2.687218649,660.857926,212.3205746,7473.435417,57.92
2/26/2023,66.84315779,3.197901767,676.0658026,225.0040041,7295.634906,71.82
3/5/2023,55.1753827,3.247015093,649.9155449,259.9133498,7260.746378,64.92
3/12/2023,63.4302573,3.130336883,578.4189844,282.1983711,6863.338142,54.98
3/19/2023,65.29212243,2.724847423,620.1865045,232.1344612,6733.227752,49.11
3/26/2023,51.20630257,2.664188316,598.7902197,216.3360676,7286.590167,38.85
4/2/2023,54.08370744,2.987222965,554.814907,230.690113,7262.814038,43.9
4/9/2023,49.80383911,3.58636451,616.2179641,237.7531085,7441.801203,61.79
4/16/2023,58.65296583,3.271800077,541.0480104,213.5866475,6818.805812,34.25
4/23/2023,63.58771128,2.814692834,659.3839694,255.9042271,6931.135403,61.28
4/30/2023,67.51178526,3.385849355,576.7691351,224.6014152,6508.154751,47.8
5/7/2023,60.3704739,1.57572869,610.0579828,229.9548618,6882.258668,38.56
5/14/2023,68.14307773,3.57438285,614.1643936,233.318485,7298.971153,73.07
5/21/2023,53.09949271,2.130143111,587.0547513,228.4317322,6860.051386,27.57
5/28/2023,51.4830878,2.818779529,629.3346901,236.77881,7192.143939,50.96
6/4/2023,59.72226151,2.440165053,576.2548172,207.6549363,6942.849068,29.36
6/11/2023,61.92032724,2.352659262,643.5648649,208.8339649,7097.217108,44.12
6/18/2023,59.83652626,3.580413394,532.701016,197.9969153,6655.692583,31.05
6/25/2023,49.6627895,2.766149399,606.318979,228.7900246,7025.562835,39.17
7/2/2023,59.5543998,3.173251941,696.94645,235.5787301,6102.659209,52.88
7/9/2023,53.4776525,2.976539711,549.9834338,229.1554573,6943.931153,34.73
7/16/2023,63.34836274,3.238520414,566.1127515,253.4898487,6510.858027,49.01
7/23/2023,61.83299123,3.038410946,625.6953925,219.8880796,7361.798355,59.68
7/30/2023,55.30060107,2.358503888,608.9790891,233.3748331,7233.222206,44.5
8/6/2023,57.43066541,3.49813341,617.531505,198.1659825,7140.001295,47.76
8/13/2023,54.70393239,2.753121708,624.4593565,212.258006,7456.301868,45.4
8/20/2023,59.68660451,2.221709051,631.7360734,233.9107552,6715.325044,39.62
8/27/2023,64.7757116,2.78594242,655.4849921,236.9820422,7524.208959,70.03
9/3/2023,55.07136977,3.750379895,620.4909328,214.120661,7279.657469,54.79
9/10/2023,62.52023258,3.425110871,587.9371173,218.568015,6929.033414,49.84
9/17/2023,57.34871191,2.825673933,633.6286851,189.6425251,7340.686044,43.51
9/24/2023,56.03563584,2.825371148,694.9940967,212.859416,6668.111946,38.18
10/1/2023,59.4648482,2.839182474,593.3683127,237.8076633,6752.645752,42.33
10/8/2023,54.82378839,4.038373992,551.2735348,231.5041003,6817.423083,42.11
10/15/2023,57.23175347,3.190967726,655.3540335,230.0133144,6841.306688,51.28
10/22/2023,54.01061054,3.215020824,593.9809418,220.9954737,6683.032707,35.75
10/29/2023,69.82362566,3.515141727,491.3665227,220.1412632,7366.92492,59.2
11/5/2023,60.17631776,3.11939458,642.3710839,206.7935772,6922.34368,46.04
11/12/2023,56.50137246,2.870478927,573.2335907,233.9765684,7105.751491,43.87
11/19/2023,61.06989955,2.901825075,595.4733359,228.4194589,6828.89459,43.16
11/26/2023,59.43835975,2.96419937,616.5990165,229.840377,6453.81901,41.21
12/3/2023,58.895152,2.981388882,609.524984,209.4793031,7081.017208,43.45
12/10/2023,63.0708335,3.363814772,635.4725909,176.9331416,6426.323507,41.5
12/17/2023,63.78753855,3.025972943,578.2256815,241.9430542,6979.409786,54.28
12/24/2023,57.34749426,3.366320039,625.6552899,210.4232509,6589.505488,39.27
12/31/2023,57.1209088,2.95964171,587.0226661,202.7444847,7596.1828,43.19
1/7/2024,67.41845274,3.039317595,700.6345764,233.8695782,7855.281522,77.96
1/14/2024,55.7639533,2.000899658,693.8452116,212.1597472,7594.264228,47.32
1/21/2024,60.28765139,3.458163837,608.5508714,241.1987277,7969.440964,69.78
1/28/2024,76.85952704,3.173244238,719.7290164,232.340119,7285.793623,78.02
2/4/2024,78.45856435,3.499005055,630.5220105,233.6713865,7736.087319,79.81
2/11/2024,67.56804277,1.551872311,704.4431789,192.6808858,7624.738581,54.92
2/18/2024,72.31520254,4.044187352,680.2008022,244.2388797,7645.542506,88.31
2/25/2024,70.78968839,2.930205186,761.1001022,225.2250106,7972.242534,75.88
3/3/2024,86.70356465,3.554091408,647.709371,212.6144572,7797.327441,75.21
3/10/2024,75.43755574,2.480047036,640.7875762,222.8677693,7653.546467,63.96
3/17/2024,68.26447385,3.306386953,658.9319217,184.4752953,7023.816471,55.88
3/24/2024,63.50564247,2.473292218,643.3251119,228.1730562,7248.945,57.22
3/31/2024,59.76293366,2.68811552,703.9968046,199.4125698,7520.242306,52.68
4/7/2024,70.16991591,3.957015677,571.1029165,192.9465943,7590.252649,60.13
4/14/2024,64.65098321,2.9046588,602.0474669,189.5528163,7193.813993,47
4/21/2024,60.82204117,3.108716437,601.2708393,242.2537675,8341.383243,66.13
4/28/2024,65.28220592,3.435033865,712.2669176,207.4147321,8051.311674,72.81
5/5/2024,62.78109898,3.247840944,754.0837355,250.6745542,7755.086336,81.73
5/12/2024,78.7010644,3.075209453,654.255293,209.2839707,7583.339943,67.86
5/19/2024,74.0694286,3.182480501,650.7148052,185.8528408,7491.244294,63.58
5/26/2024,68.95415731,4.201707793,663.852869,197.6695112,7251.578419,68.31
6/2/2024,77.5096788,2.971190601,723.9033066,244.7162324,7585.103688,81.09
6/9/2024,69.44486777,3.100549523,608.9955776,216.8820364,7643.511823,65.18
6/16/2024,64.04761584,3.525327198,673.1102941,209.0342541,7157.669574,64.7
6/23/2024,77.75796344,3.552762966,713.6358696,223.2003645,7668.273159,81.92
6/30/2024,72.09873275,3.593515153,687.5601793,230.0356547,7509.696068,81.95
7/7/2024,63.03583461,3.319365111,670.4269889,242.3479763,6941.870351,67.38
7/14/2024,67.9055526,2.428497544,715.0575351,248.9699846,7281.235257,70.45
7/21/2024,63.96519504,3.816715766,511.3222239,212.8046271,7425.991807,55.85
7/28/2024,61.04890155,2.426827303,697.2831426,193.4790463,8171.610801,52.04
8/4/2024,74.3255209,3.151317733,624.0258374,211.7306968,7740.323212,66.87
8/11/2024,79.97914568,2.622862075,559.3151907,225.2056101,7127.303972,49.2
8/18/2024,60.95823645,2.967930827,688.116143,200.7248215,7717.475758,58.43
8/25/2024,72.23707311,3.164381205,735.55122,200.8569817,7058.673508,61.85
9/1/2024,65.25880523,3.160678608,652.4403317,226.8757576,7910.791901,73.19
9/8/2024,66.19902904,3.210960377,712.4081001,219.026953,7407.355613,72.52
9/15/2024,65.59373494,3.806855635,748.6753042,220.6559399,7529.661875,79.78
9/22/2024,64.03205307,3.226767151,732.3202949,204.8300933,7989.558114,69.55
9/29/2024,69.27899936,2.877921682,750.1980491,215.3919857,7142.959004,64.03
10/6/2024,64.22203683,3.482043584,700.817012,201.5153371,7107.333708,62.46
10/13/2024,70.55512675,3.594735244,664.1488501,237.8039682,7370.913818,81.88
10/20/2024,68.71113087,2.386196092,571.8918803,240.7049867,7896.434748,59.42
10/27/2024,67.62604873,3.298700035,646.4665632,183.0762428,7067.731872,55.56
11/3/2024,63.78150894,3.350586371,613.6214373,201.4097828,6642.381586,43.26
11/10/2024,65.68356485,2.851218248,779.4018495,190.0694149,7413.82453,60.83
11/17/2024,73.34349955,3.687853407,650.3262803,206.9995213,7738.764019,72.88
11/24/2024,71.88027383,2.924972206,666.7762644,218.3312406,7948.884807,70.22
12/1/2024,63.37905734,3.062788227,690.3316957,191.0070956,7409.935719,59.94
12/8/2024,69.57116076,2.913464088,662.3981346,201.5628037,7426.697779,61.63
12/15/2024,73.32047596,3.007789524,753.2278072,199.9208526,7933.863838,68.95
12/22/2024,59.40091963,2.451862457,625.7542851,224.1453466,6954.203689,41.95
12/29/2024,72.12432111,2.279974559,670.70341,221.3868867,7434.119269,62.62
1/5/2025,56.68688121,3.797252532,562.8764707,205.5652489,7057.127167,40.7
1/12/2025,62.85299334,2.576519326,533.9988744,223.5364174,7134.765616,40.93
1/19/2025,56.18370422,2.504303825,569.4115455,209.0663983,6847.057992,23.35
1/26/2025,50.9755895,1.923304943,598.1481601,214.5668978,7010.332304,27
2/2/2025,51.86228781,2.680519126,578.5348888,253.4690418,6253.501794,30.51
2/9/2025,60.24042473,2.338455103,565.378951,246.809221,6802.525476,36.39
2/16/2025,61.29861251,3.82100758,529.6841268,194.0083753,7136.052614,43.8
2/23/2025,55.47841687,3.504908545,595.8447214,236.5946484,6705.31179,45.46
3/2/2025,63.19296229,2.655924827,524.7639813,236.2279311,7017.695266,43.45
3/9/2025,51.69239969,4.126217903,638.0027982,197.0347342,7134.06175,48.43
3/16/2025,59.66960101,3.490882743,604.1219876,236.3755529,6897.23524,54.6
3/23/2025,53.944919,2.837584308,527.122425,250.7586384,7051.139131,39.11
3/30/2025,56.74081946,1.750297143,584.5395461,197.5491039,6711.18023,16.93
4/6/2025,60.23699336,4.145471286,562.3921797,201.6499436,6938.016616,41.82
4/13/2025,55.69793317,2.305213767,615.9587255,240.3532293,7183.064851,46.29
4/20/2025,58.07722228,2.177300627,667.0225223,225.4299062,7047.091888,45.21
4/27/2025,65.03146405,3.511285216,506.2413765,231.0295255,6824.040619,49.2
5/4/2025,57.11554065,4.219876203,605.751304,226.8117843,7067.264921,55.34
5/11/2025,64.17846056,3.692136409,591.9933602,227.8139184,7214.382937,64.79
5/18/2025,54.35146573,3.28195456,633.5670038,193.4705574,6385.017616,31.69
5/25/2025,62.64902089,3.297377171,610.6598314,240.9463541,7347.722219,68.63
6/1/2025,67.2078431,3.426707779,562.4015334,243.3917998,6899.123578,57.8
6/8/2025,47.6417775,3.379464295,584.0473032,215.4121851,7127.64698,41.92
6/15/2025,56.01552372,3.140595712,560.1987072,219.130461,7359.174077,45.27
6/22/2025,62.88536064,3.052100552,653.8003569,189.3778499,6588.497891,40.45
6/29/2025,58.98477307,2.968703436,601.0655824,230.2850951,6787.167699,42.56
7/6/2025,61.85572937,2.623017706,695.0595343,231.4411488,6913.435391,53.74
7/13/2025,56.98007407,2.859662462,596.9669593,218.7561797,6764.873944,33.61
7/20/2025,60.43294894,2.153521593,564.5796617,242.4870672,7520.480973,48.95
7/27/2025,59.22161382,2.950830187,524.3142804,213.3184554,6742.968372,27.8
8/3/2025,65.83891031,2.505704446,509.8430162,231.2921185,6833.335966,37.89
8/10/2025,61.27210422,2.448205341,520.7932028,199.6067132,7061.316709,27.57
8/17/2025,61.68801331,3.089947076,613.3563326,219.528957,6639.355142,43.35
8/24/2025,57.94061517,3.696001143,625.4362512,216.5129148,6881.295786,49.74
8/31/2025,57.56196888,3.459158303,520.9404649,224.5061584,7095.235978,44.31
9/7/2025,57.83720906,2.214749698,644.7519157,212.6094614,6900.141879,34.79
9/14/2025,61.97226071,2.505185932,575.8469474,217.3705481,6971.983942,37.12
9/21/2025,57.8950776,3.470385594,607.3396506,236.5209434,6841.200366,51.95
9/28/2025,61.44887428,2.508756303,680.6110314,211.2647153,6545.658907,38.05
10/5/2025,70.37700399,2.887683425,644.8419658,187.868458,7096.477963,51.5
10/12/2025,64.35562352,3.27502605,586.5734676,254.9916781,7526.479921,70.54
10/19/2025,58.36988234,2.515827773,555.4403887,247.6290816,7005.520489,39.97
10/26/2025,66.00606961,3.052687753,492.4092299,194.1547461,7067.579235,39.04
11/2/2025,57.95962313,2.332987253,564.042334,233.7941561,7207.816827,41.12
11/9/2025,49.80937732,2.699316178,589.4434881,209.9405046,6619.200851,20.99
11/16/2025,54.95956845,3.159890967,550.6410236,225.2697443,7510.754397,47.38
11/23/2025,50.64604039,2.203503133,593.4371516,225.8844826,7060.698639,32.24
11/30/2025,58.24243258,3.220237369,603.8425941,215.311844,7489.55707,53.99
12/7/2025,60.0920919,2.990181101,588.7572009,204.3246867,6780.090101,33.16
12/14/2025,68.38218656,3.276244977,567.499871,206.189179,7545.418577,57
12/21/2025,61.63463687,3.111957067,608.4327336,201.6761617,7232.546648,50.29
12/28/2025,58.90449736,3.682070215,622.0970325,203.3635558,7165.912026,52.91
1/4/2026,64.14702791,3.062612251,545.4800461,218.6564342,7070.207336,46.68
1/11/2026,48.94432345,2.785297229,670.546619,205.6848002,6925.441415,35.94
1/18/2026,61.17807279,3.061148752,595.0705934,233.6410413,7360.159498,59.46
1/25/2026,63.85432597,3.271649015,600.9424811,249.7449231,7042.107961,63.04
2/1/2026,52.60706877,3.024430035,635.4107212,208.3989352,6409.879089,31.02
2/8/2026,65.71877022,3.020295846,611.6608066,224.78809,6664.844061,48.75
2/15/2026,61.69248204,2.649004156,647.6568317,229.9937022,6944.246274,51.02
2/22/2026,57.92356043,2.668549541,614.3562083,229.4400454,7092.999695,45.72
3/1/2026,63.16390933,2.298697364,569.3781313,221.5191054,6983.023453,37.76
3/8/2026,71.35346429,3.874788372,618.0751763,234.8536484,7365.691237,77.22
3/15/2026,60.90933128,2.378068382,542.8136896,229.6449791,6414.669441,27.22
3/22/2026,61.24110293,2.653547401,605.4279853,195.2467516,7043.076381,36.49
3/29/2026,57.7031955,2.640796367,598.3385005,237.3831213,6454.606232,35.24
4/5/2026,55.75077815,3.447462188,589.5941571,237.7458167,7227.913689,56.52
4/12/2026,64.15167908,2.852525161,593.5731244,204.7342779,6971.662386,42.04
4/19/2026,55.71958087,3.623871036,505.9075477,220.7587567,7125.882992,43.29
4/26/2026,60.35783119,2.663254688,572.5637546,233.6665799,6740.835112,36.55
5/3/2026,57.61171277,3.139497081,604.6422451,215.8137236,7383.839479,51.82
5/10/2026,62.39489913,2.582326473,607.9928196,241.459561,7312.517399,57.86
5/17/2026,61.66831053,4.072574564,548.616243,267.2774499,7175.063291,63.74
5/24/2026,65.18769972,2.40620079,663.285392,204.2802793,6961.144826,45.75
5/31/2026,57.44991801,3.154910355,556.6912576,192.3791079,7173.957186,36.2
6/7/2026,93.84100052,4.643643817,648.47286,226.0763719,6787.93223,64.2625
6/14/2026,88.16989027,4.489659368,621.3597181,234.4312501,7256.666698,71.7625
6/21/2026,92.44565392,4.070298639,567.6886345,215.3826725,7494.844268,55.5875
6/28/2026,99.01840394,4.10912551,688.7655446,249.0652133,7321.183168,88.8625
7/5/2026,102.0559089,4.23066803,540.3181584,193.227884,6781.119259,39.2125
7/12/2026,88.62267741,4.097098599,645.9577087,233.8583725,7108.425195,65.65
7/19/2026,102.9568474,4.874715382,650.0291159,207.8827836,6612.057537,63.7
7/26/2026,106.8451029,5.747366101,566.4689895,254.3875581,7171.717093,86.825
8/2/2026,99.30747923,3.80975575,669.623265,259.8503071,7135.181024,80.5125
8/9/2026,111.0143665,3.241137914,587.4976743,204.6668682,6439.055098,37.2625
8/16/2026,89.80968641,4.138202566,614.4346815,209.0088573,6651.464847,39.0125
8/23/2026,86.04276237,6.005796536,613.0160919,237.1917577,6915.058331,67.4125
8/30/2026,81.77023801,3.637427802,593.2845629,212.257387,6909.742076,33.0625
9/6/2026,107.9683545,5.347381764,640.5404137,219.0917756,6637.156919,72.2875
9/13/2026,101.2349253,5.37439057,639.674436,220.5077684,7116.693619,82.5125
9/20/2026,95.55532263,3.812488231,512.5734013,181.6065369,7075.442083,33.1125
9/27/2026,98.23974901,4.598288155,665.2170121,219.7232451,6941.71926,71.725
10/4/2026,86.99608762,5.339877636,516.8754006,206.2054445,6773.26255,37.025
10/11/2026,115.5660158,3.934610581,651.6273102,210.1375436,7314.612138,76.075
10/18/2026,97.03376946,4.057493748,656.3352568,248.8726401,7496.622134,85.15
10/25/2026,96.87515836,3.79282336,545.4516785,194.8698621,6854.931555,31.3125
11/1/2026,101.806133,3.489670289,579.4592856,236.2641037,6816.349925,52.35
11/8/2026,99.84807385,3.745505718,544.7147666,214.4207414,7147.3623,49.4375
11/15/2026,97.79107219,3.343241813,589.2539485,214.4047966,6892.591186,41.45
11/22/2026,89.67620436,4.223858428,584.5982858,235.8074379,6958.18084,54.9875
11/29/2026,99.77174686,3.661018738,638.9830266,226.8010259,7221.895946,69.6875
12/6/2026,111.056196,4.363650138,665.5154373,231.4122599,6427.193174,72.7625
12/13/2026,106.7633604,3.110873048,669.7841905,239.3636932,7395.490697,82.6625
12/20/2026,108.745493,4.431616163,571.8915987,213.3738323,7021.804157,62.225
12/27/2026,91.91027459,4.783470273,589.5389063,207.7552653,6876.552057,48.4
